Workbook

Sheet Screen
A1: KG | B1: Model | C1: Valid Syntax recognized | D1: Full Validity
A2: Big | B2: Claude | C2: =SUM(OFFSET('Screen with C'!$D$2, (ROW() - ROW($A$2)) * 3, 0, 3, 1)) -> 30 | D2: =SUM(OFFSET('Screen with C'!$E$2, (ROW() - ROW($A$2)) * 3, 0, 3, 1)) -> 26
B3: GPT5 | C3: =SUM(OFFSET('Screen with C'!$D$2, (ROW() - ROW($A$2)) * 3, 0, 3, 1)) -> 27 | D3: =SUM(OFFSET('Screen with C'!$E$2, (ROW() - ROW($A$2)) * 3, 0, 3, 1)) -> 26
B4: Deepseek R1 | C4: =SUM(OFFSET('Screen with C'!$D$2, (ROW() - ROW($A$2)) * 3, 0, 3, 1)) -> 6 | D4: =SUM(OFFSET('Screen with C'!$E$2, (ROW() - ROW($A$2)) * 3, 0, 3, 1)) -> 4
B5: GPT OSS | C5: =SUM(OFFSET('Screen with C'!$D$2, (ROW() - ROW($A$2)) * 3, 0, 3, 1)) -> 31 | D5: =SUM(OFFSET('Screen with C'!$E$2, (ROW() - ROW($A$2)) * 3, 0, 3, 1)) -> 25
B6: Granite 3.3 | C6: =SUM(OFFSET('Screen with C'!$D$2, (ROW() - ROW($A$2)) * 3, 0, 3, 1)) -> 14 | D6: =SUM(OFFSET('Screen with C'!$E$2, (ROW() - ROW($A$2)) * 3, 0, 3, 1)) -> 2
B7: Granite 4 | C7: =SUM(OFFSET('Screen with C'!$D$2, (ROW() - ROW($A$2)) * 3, 0, 3, 1)) -> 4 | D7: =SUM(OFFSET('Screen with C'!$E$2, (ROW() - ROW($A$2)) * 3, 0, 3, 1)) -> 0
B8: Llama 3.2 | C8: =SUM(OFFSET('Screen with C'!$D$2, (ROW() - ROW($A$2)) * 3, 0, 3, 1)) -> 5 | D8: =SUM(OFFSET('Screen with C'!$E$2, (ROW() - ROW($A$2)) * 3, 0, 3, 1)) -> 1
B9: Mistral Small 3.2 | C9: =SUM(OFFSET('Screen with C'!$D$2, (ROW() - ROW($A$2)) * 3, 0, 3, 1)) -> 19 | D9: =SUM(OFFSET('Screen with C'!$E$2, (ROW() - ROW($A$2)) * 3, 0, 3, 1)) -> 4
B10: Phi4 mini | C10: =SUM(OFFSET('Screen with C'!$D$2, (ROW() - ROW($A$2)) * 3, 0, 3, 1)) -> 1 | D10: =SUM(OFFSET('Screen with C'!$E$2, (ROW() - ROW($A$2)) * 3, 0, 3, 1)) -> 0
B11: Phi4 reasoning | C11: =SUM(OFFSET('Screen with C'!$D$2, (ROW() - ROW($A$2)) * 3, 0, 3, 1)) -> 1 | D11: =SUM(OFFSET('Screen with C'!$E$2, (ROW() - ROW($A$2)) * 3, 0, 3, 1)) -> 0
B12: Phi4 | C12: =SUM(OFFSET('Screen with C'!$D$2, (ROW() - ROW($A$2)) * 3, 0, 3, 1)) -> 0 | D12: =SUM(OFFSET('Screen with C'!$E$2, (ROW() - ROW($A$2)) * 3, 0, 3, 1)) -> 0
B13: Gemma3 | C13: =SUM(OFFSET('Screen with C'!$D$2, (ROW() - ROW($A$2)) * 3, 0, 3, 1)) -> 0 | D13: =SUM(OFFSET('Screen with C'!$E$2, (ROW() - ROW($A$2)) * 3, 0, 3, 1)) -> 0
A14: Small | B14: Claude | C14: =SUM(OFFSET('Screen with C'!$D$2, (ROW() - ROW($A$2)) * 3, 0, 3, 1)) -> 31 | D14: =SUM(OFFSET('Screen with C'!$E$2, (ROW() - ROW($A$2)) * 3, 0, 3, 1)) -> 26
B15: GPT5 | C15: =SUM(OFFSET('Screen with C'!$D$2, (ROW() - ROW($A$2)) * 3, 0, 3, 1)) -> 29 | D15: =SUM(OFFSET('Screen with C'!$E$2, (ROW() - ROW($A$2)) * 3, 0, 3, 1)) -> 29
B16: Deepseek R1 | C16: =SUM(OFFSET('Screen with C'!$D$2, (ROW() - ROW($A$2)) * 3, 0, 3, 1)) -> 14 | D16: =SUM(OFFSET('Screen with C'!$E$2, (ROW() - ROW($A$2)) * 3, 0, 3, 1)) -> 6
B17: GPT OSS | C17: =SUM(OFFSET('Screen with C'!$D$2, (ROW() - ROW($A$2)) * 3, 0, 3, 1)) -> 31 | D17: =SUM(OFFSET('Screen with C'!$E$2, (ROW() - ROW($A$2)) * 3, 0, 3, 1)) -> 24
B18: Granite 3.3 | C18: =SUM(OFFSET('Screen with C'!$D$2, (ROW() - ROW($A$2)) * 3, 0, 3, 1)) -> 0 | D18: =SUM(OFFSET('Screen with C'!$E$2, (ROW() - ROW($A$2)) * 3, 0, 3, 1)) -> 0
B19: Granite 4 | C19: =SUM(OFFSET('Screen with C'!$D$2, (ROW() - ROW($A$2)) * 3, 0, 3, 1)) -> 7 | D19: =SUM(OFFSET('Screen with C'!$E$2, (ROW() - ROW($A$2)) * 3, 0, 3, 1)) -> 1
B20: Llama 3.2 | C20: =SUM(OFFSET('Screen with C'!$D$2, (ROW() - ROW($A$2)) * 3, 0, 3, 1)) -> 8 | D20: =SUM(OFFSET('Screen with C'!$E$2, (ROW() - ROW($A$2)) * 3, 0, 3, 1)) -> 6
B21: Mistral Small 3.2 | C21: =SUM(OFFSET('Screen with C'!$D$2, (ROW() - ROW($A$2)) * 3, 0, 3, 1)) -> 16 | D21: =SUM(OFFSET('Screen with C'!$E$2, (ROW() - ROW($A$2)) * 3, 0, 3, 1)) -> 4
B22: Phi4 mini | C22: =SUM(OFFSET('Screen with C'!$D$2, (ROW() - ROW($A$2)) * 3, 0, 3, 1)) -> 5 | D22: =SUM(OFFSET('Screen with C'!$E$2, (ROW() - ROW($A$2)) * 3, 0, 3, 1)) -> 2
B23: Phi4 reasoning | C23: =SUM(OFFSET('Screen with C'!$D$2, (ROW() - ROW($A$2)) * 3, 0, 3, 1)) -> 0 | D23: =SUM(OFFSET('Screen with C'!$E$2, (ROW() - ROW($A$2)) * 3, 0, 3, 1)) -> 0
B24: Phi4 | C24: =SUM(OFFSET('Screen with C'!$D$2, (ROW() - ROW($A$2)) * 3, 0, 3, 1)) -> 0 | D24: =SUM(OFFSET('Screen with C'!$E$2, (ROW() - ROW($A$2)) * 3, 0, 3, 1)) -> 0
B25: Gemma3 | C25: =SUM(OFFSET('Screen with C'!$D$2, (ROW() - ROW($A$2)) * 3, 0, 3, 1)) -> 3 | D25: =SUM(OFFSET('Screen with C'!$E$2, (ROW() - ROW($A$2)) * 3, 0, 3, 1)) -> 0

Sheet Screen with C
A1: KG | B1: Model | C1: Complexity | D1: Valid Syntax recognized | E1: Full Validity
A2: Big | B2: Claude | C2: Simple | D2: 12 | E2: 11
C3: Moderate | D3: 10 | E3: 8
C4: Complex | D4: 8 | E4: 7
B5: GPT5 | C5: Simple | D5: 10 | E5: 10
C6: Moderate | D6: 9 | E6: 8
C7: Complex | D7: 8 | E7: 8
B8: Deepseek R1 | C8: Simple | D8: 3 | E8: 2
C9: Moderate | D9: 0 | E9: 0
C10: Complex | D10: 3 | E10: 2
B11: GPT OSS | C11: Simple | D11: 11 | E11: 7
C12: Moderate | D12: 10 | E12: 9
C13: Complex | D13: 10 | E13: 9
B14: Granite 3.3 | C14: Simple | D14: 5 | E14: 1
C15: Moderate | D15: 5 | E15: 0
C16: Complex | D16: 4 | E16: 1
B17: Granite4 | C17: Simple | D17: 2 | E17: 0
C18: Moderate | D18: 1 | E18: 0
C19: Complex | D19: 1 | E19: 0
B20: Llama 3.2 | C20: Simple | D20: 4 | E20: 1
C21: Moderate | D21: 0 | E21: 0
C22: Complex | D22: 1 | E22: 0
B23: Mistral Small 3.2 | C23: Simple | D23: 7 | E23: 4
C24: Moderate | D24: 6 | E24: 0
C25: Complex | D25: 6 | E25: 0
B26: Phi4 mini | C26: Simple | D26: 0 | E26: 0
C27: Moderate | D27: 1 | E27: 0
C28: Complex | D28: 0 | E28: 0
B29: Phi4 reasoning | C29: Simple | D29: 1 | E29: 0
C30: Moderate | D30: 0 | E30: 0
C31: Complex | D31: 0 | E31: 0
B32: Phi4 | C32: Simple | D32: 0 | E32: 0
C33: Moderate | D33: 0 | E33: 0
C34: Complex | D34: 0 | E34: 0
B35: Gemma3 | C35: Simple | D35: 0 | E35: 0
C36: Moderate | D36: 0 | E36: 0
C37: Complex | D37: 0 | E37: 0
A38: Small | B38: Claude | C38: Simple | D38: 12 | E38: 11
C39: Moderate | D39: 10 | E39: 8
C40: Complex | D40: 9 | E40: 7
B41: GPT5 | C41: Simple | D41: 12 | E41: 12
C42: Moderate | D42: 9 | E42: 9
C43: Complex | D43: 8 | E43: 8
B44: Deepseek R1 | C44: Simple | D44: 6 | E44: 3
C45: Moderate | D45: 5 | E45: 2
C46: Complex | D46: 3 | E46: 1
B47: GPT OSS | C47: Simple | D47: 12 | E47: 12
C48: Moderate | D48: 11 | E48: 7
C49: Complex | D49: 8 | E49: 5
B50: Granite 3.3 | C50: Simple | D50: 0 | E50: 0
C51: Moderate | D51: 0 | E51: 0
C52: Complex | D52: 0 | E52: 0
B53: Granite4 | C53: Simple | D53: 2 | E53: 0
C54: Moderate | D54: 5 | E54: 1
C55: Complex | D55: 0 | E55: 0
B56: Llama 3.2 | C56: Simple | D56: 3 | E56: 3
C57: Moderate | D57: 4 | E57: 2
C58: Complex | D58: 1 | E58: 1
B59: Mistral Small 3.2 | C59: Simple | D59: 9 | E59: 3
C60: Moderate | D60: 4 | E60: 0
C61: Complex | D61: 3 | E61: 1
B62: Phi4 mini | C62: Simple | D62: 4 | E62: 2
C63: Moderate | D63: 1 | E63: 0
C64: Complex | D64: 0 | E64: 0
B65: Phi4 reasoning | C65: Simple | D65: 0 | E65: 0
C66: Moderate | D66: 0 | E66: 0
C67: Complex | D67: 0 | E67: 0
B68: Phi4 | C68: Simple | D68: 0 | E68: 0
C69: Moderate | D69: 0 | E69: 0
C70: Complex | D70: 0 | E70: 0
B71: Gemma3 | C71: Simple | D71: 1 | E71: 0
C72: Moderate | D72: 1 | E72: 0
C73: Complex | D73: 1 | E73: 0

Sheet H1-AM
A1: KG | B1: Model | C1: rows | D1: vars | E1: latency_p50_ms | F1: latency_p95_ms | G1: latency_mean_ms | H1: lexical_query_overlap | I1: semantic_similarity_to_CQ | J1: semantic_soft_coverage_to_CQ | K1: tuple_cohesion | L1: determinism_score | M1: satisfiability_binding_score | N1: h1_overall | O1: semantic_diversity_score | P1: syntax_ok_rate | Q1: satisfiable_rate | R1: deterministic_rate
A2: Big | B2: Claude | C2: 11628.192 | D2: 2.6538462 | E2: 2146.5712 | F2: 2293.5069 | G2: 2128.4808 | H2: 0.044615385 | I2: 0.70807692 | J2: 0.77038462 | K2: 0.88961538 | L2: 1 | M2: 0.93543956 | N2: 0.96771978 | O2: 0.35257631 | P2: 0.90909091 | Q2: 0.78787879 | R2: 0.90909091
B3: GPT5 | C3: 3629.3077 | D3: 4.2692308 | E3: 901.50115 | F3: 994.53846 | G3: 911.38 | H3: 0.040384615 | I3: 0.71269231 | J3: 0.77307692 | K3: 0.8736 | L3: 1 | M3: 0.84903846 | N3: 0.92451923 | O3: 0.34639316 | P3: 0.81818182 | Q3: 0.78787879 | R3: 0.81818182
B4: Deepseek R1 | C4: 495 | D4: 2.75 | E4: 660.84 | F4: 695.4075 | G4: 670.3425 | H4: 0.04 | I4: 0.7 | J4: 0.77 | K4: 0.9175 | L4: 1 | M4: 0.9375 | N4: 0.96875 | O4: 0.37784722 | P4: 0.18181818 | Q4: 0.12121212 | R4: 0.18181818
B5: GPT OSS | C5: 8120.08 | D5: 2.84 | E5: 281.552 | F5: 307.9592 | G5: 285.0212 | H5: 0.046 | I5: 0.7348 | J5: 0.7712 | K5: 0.91086957 | L5: 1 | M5: 0.77952381 | N5: 0.8897619 | O5: 0.30717937 | P5: 0.93939394 | Q5: 0.75757576 | R5: 0.93939394
B6: Granite 3.3 | C6: 18 | D6: 2 | E6: 15.22 | F6: 23.09 | G6: 16.345 | H6: 0.02 | I6: 0.665 | J6: 0.785 | K6: 0.92 | L6: 1 | M6: 0.33333333 | N6: 0.66666667 | O6: 0.29888889 | P6: 0.42424242 | Q6: 0.060606061 | R6: 0.42424242
B7: Granite 4 | C7: 0 | D7: 0 | E7: 0 | F7: 0 | G7: 0 | H7: 0 | I7: 0 | J7: 0 | K7: 0 | L7: 0 | M7: 0 | N7: 0 | O7: 0 | P7: 0.12121212 | Q7: 0 | R7: 0.12121212
B8: Llama 3.2 | C8: 186 | D8: 0 | E8: 13.67 | F8: 21.35 | G8: 16.17 | H8: 0.08 | I8: 0.6 | J8: 0.7 | K8: 0 | L8: 1 | M8: 1 | N8: 1 | O8: 0.5 | P8: 0.15151515 | Q8: 0.03030303 | R8: 0.15151515
B9: Mistral Small 3.2 | C9: 6298.75 | D9: 3 | E9: 10531.74 | F9: 10965.487 | G9: 10598.792 | H9: 0.0725 | I9: 0.71 | J9: 0.755 | K9: 0.955 | L9: 1 | M9: 0.75 | N9: 0.875 | O9: 0.19 | P9: 0.57575758 | Q9: 0.12121212 | R9: 0.57575758
B10: Phi4 mini | C10: 0 | D10: 0 | E10: 0 | F10: 0 | G10: 0 | H10: 0 | I10: 0 | J10: 0 | K10: 0 | L10: 0 | M10: 0 | N10: 0 | O10: 0 | P10: 0.03030303 | Q10: 0 | R10: 0.03030303
B11: Phi4 reasoning | C11: 0 | D11: 0 | E11: 0 | F11: 0 | G11: 0 | H11: 0 | I11: 0 | J11: 0 | K11: 0 | L11: 0 | M11: 0 | N11: 0 | O11: 0 | P11: 0.03030303 | Q11: 0 | R11: 0.03030303
B12: Phi4 | C12: 0 | D12: 0 | E12: 0 | F12: 0 | G12: 0 | H12: 0 | I12: 0 | J12: 0 | K12: 0 | L12: 0 | M12: 0 | N12: 0 | O12: 0 | P12: 0 | Q12: 0 | R12: 0
B13: Gemma3 | C13: 0 | D13: 0 | E13: 0 | F13: 0 | G13: 0 | H13: 0 | I13: 0 | J13: 0 | K13: 0 | L13: 0 | M13: 0 | N13: 0 | O13: 0 | P13: 0 | Q13: 0 | R13: 0
A14: Small | B14: Claude | C14: 5285.8462 | D14: 2.6538462 | E14: 1327.7115 | F14: 1353.4304 | G14: 1333.1004 | H14: 0.047307692 | I14: 0.69807692 | J14: 0.75615385 | K14: 0.74730769 | L14: 1 | M14: 0.93543956 | N14: 0.96771978 | O14: 0.55804182 | P14: 0.93939394 | Q14: 0.78787879 | R14: 0.93939394
B15: GPT5 | C15: 3670.8621 | D15: 4.2413793 | E15: 1728.9228 | F15: 1916.6383 | G15: 1784.201 | H15: 0.03862069 | I15: 0.70724138 | J15: 0.7562069 | K15: 0.74413793 | L15: 1 | M15: 0.90418719 | N15: 0.9520936 | O15: 0.55795384 | P15: 0.87878788 | Q15: 0.87878788 | R15: 0.87878788
B16: Deepseek R1 | C16: 1888.3333 | D16: 2.3333333 | E16: 72.951667 | F16: 76.72 | G16: 73.31 | H16: 0.056666667 | I16: 0.71333333 | J16: 0.76166667 | K16: 0.69833333 | L16: 1 | M16: 1 | N16: 1 | O16: 0.65157407 | P16: 0.42424242 | Q16: 0.18181818 | R16: 0.42424242
B17: GPT OSS | C17: 1569.75 | D17: 2.5 | E17: 336.82542 | F17: 343.20167 | G17: 336.43042 | H17: 0.065833333 | I17: 0.71708333 | J17: 0.77875 | K17: 0.74227273 | L17: 1 | M17: 0.82638889 | N17: 0.91319444 | O17: 0.57652778 | P17: 0.93939394 | Q17: 0.72727273 | R17: 0.93939394
B18: Granite 3.3 | C18: 0 | D18: 0 | E18: 0 | F18: 0 | G18: 0 | H18: 0 | I18: 0 | J18: 0 | K18: 0 | L18: 0 | M18: 0 | N18: 0 | O18: 0 | P18: 0 | Q18: 0 | R18: 0
B19: Granite 4 | C19: 18905 | D19: 1 | E19: 264.68 | F19: 275.25 | G19: 267.89 | H19: 0 | I19: 0.61 | J19: 0.65 | K19: 1 | L19: 1 | M19: 0 | N19: 0.5 | O19: 0.33333333 | P19: 0.21212121 | Q19: 0.03030303 | R19: 0.21212121
B20: Llama 3.2 | C20: 250609.67 | D20: 0.16666667 | E20: 6301.0217 | F20: 6549.51 | G20: 6354.775 | H20: 0.0066666667 | I20: 0.59166667 | J20: 0.68 | K20: 0.53 | L20: 1 | M20: 1 | N20: 1 | O20: 0.55388889 | P20: 0.24242424 | Q20: 0.18181818 | R20: 0.24242424
B21: Mistral Small 3.2 | C21: 1067.5 | D21: 0.75 | E21: 62.4475 | F21: 67.3125 | G21: 61.635 | H21: 0 | I21: 0.63 | J21: 0.7025 | K21: 0.595 | L21: 1 | M21: 1 | N21: 1 | O21: 0.62916667 | P21: 0.48484848 | Q21: 0.12121212 | R21: 0.48484848
B22: Phi4 mini | C22: 5.5 | D22: 1 | E22: 17.465 | F22: 17.715 | G22: 15.975 | H22: 0 | I22: 0.685 | J22: 0.72 | K22: 0.665 | L22: 1 | M22: 1 | N22: 1 | O22: 0.445 | P22: 0.15151515 | Q22: 0.060606061 | R22: 0.15151515
B23: Phi4 reasoning | C23: 0 | D23: 0 | E23: 0 | F23: 0 | G23: 0 | H23: 0 | I23: 0 | J23: 0 | K23: 0 | L23: 0 | M23: 0 | N23: 0 | O23: 0 | P23: 0 | Q23: 0 | R23: 0
B24: Phi4 | C24: 0 | D24: 0 | E24: 0 | F24: 0 | G24: 0 | H24: 0 | I24: 0 | J24: 0 | K24: 0 | L24: 0 | M24: 0 | N24: 0 | O24: 0 | P24: 0 | Q24: 0 | R24: 0
B25: Gemma3 | C25: 0 | D25: 0 | E25: 0 | F25: 0 | G25: 0 | H25: 0 | I25: 0 | J25: 0 | K25: 0 | L25: 0 | M25: 0 | N25: 0 | O25: 0 | P25: 0.090909091 | Q25: 0 | R25: 0.090909091

Sheet H1-AM&C
A1: KG | B1: Model | C1: Complexity | D1: rows | E1: vars | F1: latency_p50_ms | G1: latency_p95_ms | H1: latency_mean_ms | I1: lexical_query_overlap | J1: semantic_similarity_to_CQ | K1: semantic_soft_coverage_to_CQ | L1: tuple_cohesion | M1: determinism_score | N1: satisfiability_binding_score | O1: h1_overall | P1: semantic_diversity_score | Q1: syntax_ok_rate | R1: satisfiable_rate | S1: deterministic_rate
A2: Big | B2: Claude | C2: Simple | D2: 10956.364 | E2: 2.1818182 | F2: 3876.9082 | G2: 4024.6173 | H2: 3776.4345 | I2: 0.032727273 | J2: 0.70909091 | K2: 0.76727273 | L2: 0.88818182 | M2: 1 | N2: 1 | O2: 1 | P2: 0.29128788 | Q2: 1 | R2: 0.91666667 | S2: 1
C3: Moderate | D3: 21981 | E3: 2.25 | F3: 1343.0238 | G3: 1600.7088 | H3: 1419.0475 | I3: 0.07875 | J3: 0.69375 | K3: 0.77375 | L3: 0.865 | M3: 1 | N3: 0.96875 | O3: 0.984375 | P3: 0.43135417 | Q3: 0.90909091 | R3: 0.72727273 | S3: 0.90909091
C4: Complex | D4: 852.14286 | E4: 3.8571429 | F4: 345.81 | G4: 364.96 | H4: 349.62 | I4: 0.024285714 | J4: 0.72285714 | K4: 0.77142857 | L4: 0.92 | M4: 1 | N4: 0.79591837 | O4: 0.89795918 | P4: 0.35885488 | Q4: 0.8 | R4: 0.7 | S4: 0.8
B5: GPT5 | C5: Simple | D5: 200.8 | E5: 3.6 | F5: 86.626 | G5: 162.786 | H5: 109.748 | I5: 0.024 | J5: 0.707 | K5: 0.766 | L5: 0.909 | M5: 1 | N5: 0.91 | O5: 0.955 | P5: 0.22624444 | Q5: 0.83333333 | R5: 0.83333333 | S5: 0.83333333
C6: Moderate | D6: 6127.25 | E6: 3.875 | F6: 792.4725 | G6: 885.88625 | H6: 820.025 | I6: 0.0575 | J6: 0.7225 | K6: 0.775 | L6: 0.845 | M6: 1 | N6: 0.875 | O6: 0.9375 | P6: 0.46309028 | Q6: 0.81818182 | R6: 0.72727273 | S6: 0.81818182
C7: Complex | D7: 5417 | E7: 5.5 | F7: 2029.1238 | G7: 2142.8812 | H7: 2004.775 | I7: 0.04375 | J7: 0.71 | K7: 0.78 | L7: 0.85571429 | M7: 1 | N7: 0.746875 | O7: 0.8734375 | P7: 0.37988194 | Q7: 0.8 | R7: 0.8 | S7: 0.8
B8: Deepseek R1 | C8: Simple | D8: 179 | E8: 2 | F8: 1100.055 | G8: 1103.72 | H8: 1099.46 | I8: 0.08 | J8: 0.67 | K8: 0.785 | L8: 0.85 | M8: 1 | N8: 1 | O8: 1 | P8: 0.35583333 | Q8: 0.25 | R8: 0.16666667 | S8: 0.25
C9: Moderate | D9: 0 | E9: 0 | F9: 0 | G9: 0 | H9: 0 | I9: 0 | J9: 0 | K9: 0 | L9: 0 | M9: 0 | N9: 0 | O9: 0 | P9: 0 | Q9: 0 | R9: 0 | S9: 0
C10: Complex | D10: 811 | E10: 3.5 | F10: 221.625 | G10: 287.095 | H10: 241.225 | I10: 0 | J10: 0.73 | K10: 0.755 | L10: 0.985 | M10: 1 | N10: 0.875 | O10: 0.9375 | P10: 0.39986111 | Q10: 0.3 | R10: 0.2 | S10: 0.3
B11: GPT OSS | C11: Simple | D11: 759.85714 | E11: 1.8571429 | F11: 39.57 | G11: 41.504286 | H11: 39.744286 | I11: 0.022857143 | J11: 0.73714286 | K11: 0.77 | L11: 0.90142857 | M11: 1 | N11: 1 | O11: 1 | P11: 0.2552381 | Q11: 0.91666667 | R11: 0.58333333 | S11: 0.91666667
C12: Moderate | D12: 13126 | E12: 2.6666667 | F12: 348.39111 | G12: 404.83333 | H12: 364.63889 | I12: 0.071111111 | J12: 0.74222222 | K12: 0.77333333 | L12: 0.90777778 | M12: 1 | N12: 0.84259259 | O12: 0.9212963 | P12: 0.36435185 | Q12: 0.90909091 | R12: 0.81818182 | S12: 0.90909091
C13: Complex | D13: 8838.7778 | E13: 3.7777778 | F13: 402.92111 | G13: 418.32778 | H13: 396.17444 | I13: 0.038888889 | J13: 0.72555556 | K13: 0.77 | L13: 0.92428571 | M13: 1 | N13: 0.54497354 | O13: 0.77248677 | P13: 0.29040564 | Q13: 1 | R13: 0.9 | S13: 1
B14: Granite 3.3 | C14: Simple | D14: 1 | E14: 1 | F14: 9.31 | G14: 17.48 | H14: 11.88 | I14: 0 | J14: 0.68 | K14: 0.75 | L14: 1 | M14: 1 | N14: 0 | O14: 0.5 | P14: 0.33333333 | Q14: 0.41666667 | R14: 0.083333333 | S14: 0.41666667
C15: Moderate | D15: 0 | E15: 0 | F15: 0 | G15: 0 | H15: 0 | I15: 0 | J15: 0 | K15: 0 | L15: 0 | M15: 0 | N15: 0 | O15: 0 | P15: 0 | Q15: 0.45454545 | R15: 0 | S15: 0.45454545
C16: Complex | D16: 35 | E16: 3 | F16: 21.13 | G16: 28.7 | H16: 20.81 | I16: 0.04 | J16: 0.65 | K16: 0.82 | L16: 0.84 | M16: 1 | N16: 0.66666667 | O16: 0.83333333 | P16: 0.26444444 | Q16: 0.4 | R16: 0.1 | S16: 0.4
B17: Granite 4 | C17: Simple | D17: 0 | E17: 0 | F17: 0 | G17: 0 | H17: 0 | I17: 0 | J17: 0 | K17: 0 | L17: 0 | M17: 0 | N17: 0 | O17: 0 | P17: 0 | Q17: 0.16666667 | R17: 0 | S17: 0.16666667
C18: Moderate | D18: 0 | E18: 0 | F18: 0 | G18: 0 | H18: 0 | I18: 0 | J18: 0 | K18: 0 | L18: 0 | M18: 0 | N18: 0 | O18: 0 | P18: 0 | Q18: 0.090909091 | R18: 0 | S18: 0.090909091
C19: Complex | D19: 0 | E19: 0 | F19: 0 | G19: 0 | H19: 0 | I19: 0 | J19: 0 | K19: 0 | L19: 0 | M19: 0 | N19: 0 | O19: 0 | P19: 0 | Q19: 0.1 | R19: 0 | S19: 0.1
B20: Llama 3.2 | C20: Simple | D20: 186 | E20: 0 | F20: 13.67 | G20: 21.35 | H20: 16.17 | I20: 0.08 | J20: 0.6 | K20: 0.7 | L20: 0 | M20: 1 | N20: 1 | O20: 1 | P20: 0.5 | Q20: 0.33333333 | R20: 0.083333333 | S20: 0.33333333
C21: Moderate | D21: 0 | E21: 0 | F21: 0 | G21: 0 | H21: 0 | I21: 0 | J21: 0 | K21: 0 | L21: 0 | M21: 0 | N21: 0 | O21: 0 | P21: 0 | Q21: 0 | R21: 0 | S21: 0
C22: Complex | D22: 0 | E22: 0 | F22: 0 | G22: 0 | H22: 0 | I22: 0 | J22: 0 | K22: 0 | L22: 0 | M22: 0 | N22: 0 | O22: 0 | P22: 0 | Q22: 0.1 | R22: 0 | S22: 0.1
B23: Mistral Small 3.2 | C23: Simple | D23: 6298.75 | E23: 3 | F23: 10531.74 | G23: 10965.487 | H23: 10598.792 | I23: 0.0725 | J23: 0.71 | K23: 0.755 | L23: 0.955 | M23: 1 | N23: 0.75 | O23: 0.875 | P23: 0.19 | Q23: 0.58333333 | R23: 0.33333333 | S23: 0.58333333
C24: Moderate | D24: 0 | E24: 0 | F24: 0 | G24: 0 | H24: 0 | I24: 0 | J24: 0 | K24: 0 | L24: 0 | M24: 0 | N24: 0 | O24: 0 | P24: 0 | Q24: 0.54545455 | R24: 0 | S24: 0.54545455
C25: Complex | D25: 0 | E25: 0 | F25: 0 | G25: 0 | H25: 0 | I25: 0 | J25: 0 | K25: 0 | L25: 0 | M25: 0 | N25: 0 | O25: 0 | P25: 0 | Q25: 0.6 | R25: 0 | S25: 0.6
B26: Phi4 mini | C26: Simple | D26: 0 | E26: 0 | F26: 0 | G26: 0 | H26: 0 | I26: 0 | J26: 0 | K26: 0 | L26: 0 | M26: 0 | N26: 0 | O26: 0 | P26: 0 | Q26: 0 | R26: 0 | S26: 0
C27: Moderate | D27: 0 | E27: 0 | F27: 0 | G27: 0 | H27: 0 | I27: 0 | J27: 0 | K27: 0 | L27: 0 | M27: 0 | N27: 0 | O27: 0 | P27: 0 | Q27: 0.090909091 | R27: 0 | S27: 0.090909091
C28: Complex | D28: 0 | E28: 0 | F28: 0 | G28: 0 | H28: 0 | I28: 0 | J28: 0 | K28: 0 | L28: 0 | M28: 0 | N28: 0 | O28: 0 | P28: 0 | Q28: 0 | R28: 0 | S28: 0
B29: Phi4 reasoning | C29: Simple | D29: 0 | E29: 0 | F29: 0 | G29: 0 | H29: 0 | I29: 0 | J29: 0 | K29: 0 | L29: 0 | M29: 0 | N29: 0 | O29: 0 | P29: 0 | Q29: 0.083333333 | R29: 0 | S29: 0.083333333
C30: Moderate | D30: 0 | E30: 0 | F30: 0 | G30: 0 | H30: 0 | I30: 0 | J30: 0 | K30: 0 | L30: 0 | M30: 0 | N30: 0 | O30: 0 | P30: 0 | Q30: 0 | R30: 0 | S30: 0
C31: Complex | D31: 0 | E31: 0 | F31: 0 | G31: 0 | H31: 0 | I31: 0 | J31: 0 | K31: 0 | L31: 0 | M31: 0 | N31: 0 | O31: 0 | P31: 0 | Q31: 0 | R31: 0 | S31: 0
B32: Phi4 | C32: Simple | D32: 0 | E32: 0 | F32: 0 | G32: 0 | H32: 0 | I32: 0 | J32: 0 | K32: 0 | L32: 0 | M32: 0 | N32: 0 | O32: 0 | P32: 0 | Q32: 0 | R32: 0 | S32: 0
C33: Moderate | D33: 0 | E33: 0 | F33: 0 | G33: 0 | H33: 0 | I33: 0 | J33: 0 | K33: 0 | L33: 0 | M33: 0 | N33: 0 | O33: 0 | P33: 0 | Q33: 0 | R33: 0 | S33: 0
C34: Complex | D34: 0 | E34: 0 | F34: 0 | G34: 0 | H34: 0 | I34: 0 | J34: 0 | K34: 0 | L34: 0 | M34: 0 | N34: 0 | O34: 0 | P34: 0 | Q34: 0 | R34: 0 | S34: 0
B35: Gemma3 | C35: Simple | D35: 0 | E35: 0 | F35: 0 | G35: 0 | H35: 0 | I35: 0 | J35: 0 | K35: 0 | L35: 0 | M35: 0 | N35: 0 | O35: 0 | P35: 0 | Q35: 0 | R35: 0 | S35: 0
C36: Moderate | D36: 0 | E36: 0 | F36: 0 | G36: 0 | H36: 0 | I36: 0 | J36: 0 | K36: 0 | L36: 0 | M36: 0 | N36: 0 | O36: 0 | P36: 0 | Q36: 0 | R36: 0 | S36: 0
C37: Complex | D37: 0 | E37: 0 | F37: 0 | G37: 0 | H37: 0 | I37: 0 | J37: 0 | K37: 0 | L37: 0 | M37: 0 | N37: 0 | O37: 0 | P37: 0 | Q37: 0 | R37: 0 | S37: 0
A38: Small | B38: Claude | C38: Simple | D38: 1295.1818 | E38: 2.3636364 | F38: 64.166364 | G38: 66.057273 | H38: 63.701818 | I38: 0.030909091 | J38: 0.70272727 | K38: 0.74818182 | L38: 0.69909091 | M38: 1 | N38: 1 | O38: 1 | P38: 0.65060606 | Q38: 1 | R38: 0.91666667 | S38: 1
C39: Moderate | D39: 9907.25 | E39: 2.375 | F39: 1348.3363 | G39: 1357.9613 | H39: 1346.3275 | I39: 0.07875 | J39: 0.70875 | K39: 0.75625 | L39: 0.7425 | M39: 1 | N39: 0.96875 | O39: 0.984375 | P39: 0.49600694 | Q39: 0.90909091 | R39: 0.72727273 | S39: 0.90909091
C40: Complex | D40: 6275.2857 | E40: 3.4285714 | F40: 3289.7114 | G40: 3371.2671 | H40: 3312.7529 | I40: 0.037142857 | J40: 0.67857143 | K40: 0.76857143 | L40: 0.82857143 | M40: 1 | N40: 0.79591837 | O40: 0.89795918 | P40: 0.48348073 | Q40: 0.9 | R40: 0.7 | S40: 0.9
B41: GPT5 | C41: Simple | D41: 2692.25 | E41: 3.75 | F41: 240.47667 | G41: 269.2525 | H41: 245.295 | I41: 0.0325 | J41: 0.71583333 | K41: 0.75166667 | L41: 0.705 | M41: 1 | N41: 0.96666667 | O41: 0.98333333 | P41: 0.60862963 | Q41: 1 | R41: 1 | S41: 1
C42: Moderate | D42: 3823.2222 | E42: 3.6666667 | F42: 4427.7767 | G42: 4955.4878 | H42: 4589.03 | I42: 0.053333333 | J42: 0.70666667 | K42: 0.75666667 | L42: 0.76 | M42: 1 | N42: 0.92777778 | O42: 0.96388889 | P42: 0.55727778 | Q42: 0.81818182 | R42: 0.81818182 | S42: 0.81818182
C43: Complex | D43: 4967.375 | E43: 5.625 | F43: 925.38125 | G43: 969.01125 | H43: 937.1275 | I43: 0.03125 | J43: 0.695 | K43: 0.7625 | L43: 0.785 | M43: 1 | N43: 0.78392857 | O43: 0.89196429 | P43: 0.48270073 | Q43: 0.8 | R43: 0.8 | S43: 0.8
B44: Deepseek R1 | C44: Simple | D44: 1483.3333 | E44: 3 | F44: 73.56 | G44: 77.683333 | H44: 73.673333 | I44: 0.05 | J44: 0.74333333 | K44: 0.78333333 | L44: 0.72 | M44: 1 | N44: 1 | O44: 1 | P44: 0.66148148 | Q44: 0.5 | R44: 0.25 | S44: 0.5
C45: Moderate | D45: 3140 | E45: 1.5 | F45: 88.855 | G45: 92.46 | H45: 89.385 | I45: 0.075 | J45: 0.67 | K45: 0.73 | L45: 0.62 | M45: 1 | N45: 1 | O45: 1 | P45: 0.73166667 | Q45: 0.45454545 | R45: 0.18181818 | S45: 0.45454545
C46: Complex | D46: 600 | E46: 2 | F46: 39.32 | G46: 42.35 | H46: 40.07 | I46: 0.04 | J46: 0.71 | K46: 0.76 | L46: 0.79 | M46: 1 | N46: 1 | O46: 1 | P46: 0.46166667 | Q46: 0.3 | R46: 0.1 | S46: 0.3
B47: GPT OSS | C47: Simple | D47: 1410.75 | E47: 2.5 | F47: 145.5225 | G47: 154.09083 | H47: 147.12417 | I47: 0.039166667 | J47: 0.72333333 | K47: 0.77333333 | L47: 0.69166667 | M47: 1 | N47: 0.93055556 | O47: 0.96527778 | P47: 0.6600463 | Q47: 1 | R47: 1 | S47: 1
C48: Moderate | D48: 2199.8571 | E48: 2.1428571 | F48: 91.238571 | G48: 94.931429 | H48: 89.76 | I48: 0.10142857 | J48: 0.70714286 | K48: 0.78571429 | L48: 0.76 | M48: 1 | N48: 0.95238095 | O48: 0.97619048 | P48: 0.52468254 | Q48: 1 | R48: 0.63636364 | S48: 1
C49: Complex | D49: 1069.2 | E49: 3 | F49: 1139.774 | G49: 1144.646 | H49: 1136.104 | I49: 0.08 | J49: 0.716 | K49: 0.782 | L49: 0.90333333 | M49: 1 | N49: 0.4 | O49: 0.7 | P49: 0.44866667 | Q49: 0.8 | R49: 0.5 | S49: 0.8
B50: Granite 3.3 | C50: Simple | D50: 0 | E50: 0 | F50: 0 | G50: 0 | H50: 0 | I50: 0 | J50: 0 | K50: 0 | L50: 0 | M50: 0 | N50: 0 | O50: 0 | P50: 0 | Q50: 0 | R50: 0 | S50: 0
C51: Moderate | D51: 0 | E51: 0 | F51: 0 | G51: 0 | H51: 0 | I51: 0 | J51: 0 | K51: 0 | L51: 0 | M51: 0 | N51: 0 | O51: 0 | P51: 0 | Q51: 0 | R51: 0 | S51: 0
C52: Complex | D52: 0 | E52: 0 | F52: 0 | G52: 0 | H52: 0 | I52: 0 | J52: 0 | K52: 0 | L52: 0 | M52: 0 | N52: 0 | O52: 0 | P52: 0 | Q52: 0 | R52: 0 | S52: 0
B53: Granite 4 | C53: Simple | D53: 0 | E53: 0 | F53: 0 | G53: 0 | H53: 0 | I53: 0 | J53: 0 | K53: 0 | L53: 0 | M53: 0 | N53: 0 | O53: 0 | P53: 0 | Q53: 0.16666667 | R53: 0 | S53: 0.16666667
C54: Moderate | D54: 18905 | E54: 1 | F54: 264.68 | G54: 275.25 | H54: 267.89 | I54: 0 | J54: 0.61 | K54: 0.65 | L54: 1 | M54: 1 | N54: 0 | O54: 0.5 | P54: 0.33333333 | Q54: 0.45454545 | R54: 0.090909091 | S54: 0.45454545
C55: Complex | D55: 0 | E55: 0 | F55: 0 | G55: 0 | H55: 0 | I55: 0 | J55: 0 | K55: 0 | L55: 0 | M55: 0 | N55: 0 | O55: 0 | P55: 0 | Q55: 0 | R55: 0 | S55: 0
B56: Llama 3.2 | C56: Simple | D56: 92811 | E56: 0 | F56: 3425.1433 | G56: 3532.81 | H56: 3414.0533 | I56: 0.013333333 | J56: 0.60666667 | K56: 0.68 | L56: 0 | M56: 1 | N56: 1 | O56: 1 | P56: 0.5 | Q56: 0.25 | R56: 0.25 | S56: 0.25
C57: Moderate | D57: 612585 | E57: 0.5 | F57: 13757.425 | G57: 14339.685 | H57: 13935.8 | I57: 0 | J57: 0.565 | K57: 0.685 | L57: 0.53 | M57: 1 | N57: 1 | O57: 1 | P57: 0.66166667 | Q57: 0.36363636 | R57: 0.18181818 | S57: 0.36363636
C58: Complex | D58: 55 | E58: 0 | F58: 15.85 | G58: 19.26 | H58: 14.89 | I58: 0 | J58: 0.6 | K58: 0.67 | L58: 0 | M58: 1 | N58: 1 | O58: 1 | P58: 0.5 | Q58: 0.1 | R58: 0.1 | S58: 0.1
B59: Mistral Small 3.2 | C59: Simple | D59: 1090 | E59: 0.33333333 | F59: 37.516667 | G59: 39.12 | H59: 36.8 | I59: 0 | J59: 0.63 | K59: 0.70333333 | L59: 0.64 | M59: 1 | N59: 1 | O59: 1 | P59: 0.57333333 | Q59: 0.75 | R59: 0.25 | S59: 0.75
C60: Moderate | D60: 0 | E60: 0 | F60: 0 | G60: 0 | H60: 0 | I60: 0 | J60: 0 | K60: 0 | L60: 0 | M60: 0 | N60: 0 | O60: 0 | P60: 0 | Q60: 0.36363636 | R60: 0 | S60: 0.36363636
C61: Complex | D61: 1000 | E61: 2 | F61: 137.24 | G61: 151.89 | H61: 136.14 | I61: 0 | J61: 0.63 | K61: 0.7 | L61: 0.55 | M61: 1 | N61: 1 | O61: 1 | P61: 0.79666667 | Q61: 0.3 | R61: 0.1 | S61: 0.3
B62: Phi4 mini | C62: Simple | D62: 5.5 | E62: 1 | F62: 17.465 | G62: 17.715 | H62: 15.975 | I62: 0 | J62: 0.685 | K62: 0.72 | L62: 0.665 | M62: 1 | N62: 1 | O62: 1 | P62: 0.445 | Q62: 0.33333333 | R62: 0.16666667 | S62: 0.33333333
C63: Moderate | D63: 0 | E63: 0 | F63: 0 | G63: 0 | H63: 0 | I63: 0 | J63: 0 | K63: 0 | L63: 0 | M63: 0 | N63: 0 | O63: 0 | P63: 0 | Q63: 0.090909091 | R63: 0 | S63: 0.090909091
C64: Complex | D64: 0 | E64: 0 | F64: 0 | G64: 0 | H64: 0 | I64: 0 | J64: 0 | K64: 0 | L64: 0 | M64: 0 | N64: 0 | O64: 0 | P64: 0 | Q64: 0 | R64: 0 | S64: 0
B65: Phi4 reasining | C65: Simple | D65: 0 | E65: 0 | F65: 0 | G65: 0 | H65: 0 | I65: 0 | J65: 0 | K65: 0 | L65: 0 | M65: 0 | N65: 0 | O65: 0 | P65: 0 | Q65: 0 | R65: 0 | S65: 0
C66: Moderate | D66: 0 | E66: 0 | F66: 0 | G66: 0 | H66: 0 | I66: 0 | J66: 0 | K66: 0 | L66: 0 | M66: 0 | N66: 0 | O66: 0 | P66: 0 | Q66: 0 | R66: 0 | S66: 0
C67: Complex | D67: 0 | E67: 0 | F67: 0 | G67: 0 | H67: 0 | I67: 0 | J67: 0 | K67: 0 | L67: 0 | M67: 0 | N67: 0 | O67: 0 | P67: 0 | Q67: 0 | R67: 0 | S67: 0
B68: Phi4 | C68: Simple | D68: 0 | E68: 0 | F68: 0 | G68: 0 | H68: 0 | I68: 0 | J68: 0 | K68: 0 | L68: 0 | M68: 0 | N68: 0 | O68: 0 | P68: 0 | Q68: 0 | R68: 0 | S68: 0
C69: Moderate | D69: 0 | E69: 0 | F69: 0 | G69: 0 | H69: 0 | I69: 0 | J69: 0 | K69: 0 | L69: 0 | M69: 0 | N69: 0 | O69: 0 | P69: 0 | Q69: 0 | R69: 0 | S69: 0
C70: Complex | D70: 0 | E70: 0 | F70: 0 | G70: 0 | H70: 0 | I70: 0 | J70: 0 | K70: 0 | L70: 0 | M70: 0 | N70: 0 | O70: 0 | P70: 0 | Q70: 0 | R70: 0 | S70: 0
B71: Gemma3 | C71: Simple | D71: 0 | E71: 0 | F71: 0 | G71: 0 | H71: 0 | I71: 0 | J71: 0 | K71: 0 | L71: 0 | M71: 0 | N71: 0 | O71: 0 | P71: 0 | Q71: 0.083333333 | R71: 0 | S71: 0.083333333
C72: Moderate | D72: 0 | E72: 0 | F72: 0 | G72: 0 | H72: 0 | I72: 0 | J72: 0 | K72: 0 | L72: 0 | M72: 0 | N72: 0 | O72: 0 | P72: 0 | Q72: 0.090909091 | R72: 0 | S72: 0.090909091
C73: Complex | D73: 0 | E73: 0 | F73: 0 | G73: 0 | H73: 0 | I73: 0 | J73: 0 | K73: 0 | L73: 0 | M73: 0 | N73: 0 | O73: 0 | P73: 0 | Q73: 0.1 | R73: 0 | S73: 0.1

Sheet H2-AM
A1: KG | B1: Model | C1: rows | D1: vars | E1: latency_p50_ms | F1: latency_p95_ms | G1: latency_mean_ms | H1: lexical_query_overlap | I1: semantic_similarity_to_CQ | J1: semantic_soft_coverage_to_CQ | K1: tuple_cohesion | L1: determinism_score | M1: satisfiability_binding_score | N1: h1_overall | O1: semantic_diversity_score | P1: syntax_ok_rate | Q1: satisfiable_rate | R1: deterministic_rate
A2: Big | B2: Claude | C2: 11628.192 | D2: 2.6538462 | E2: 2146.5712 | F2: 2293.5069 | G2: 2128.4808 | H2: 0.044615385 | I2: 0.70807692 | J2: 0.77038462 | K2: 0.88961538 | L2: 1 | M2: 0.93543956 | N2: 0.96771978 | O2: 0.35257631 | P2: 0.90909091 | Q2: 0.78787879 | R2: 0.90909091
B3: GPT5 | C3: 3629.3077 | D3: 4.2692308 | E3: 901.50115 | F3: 994.53846 | G3: 911.38 | H3: 0.040384615 | I3: 0.71269231 | J3: 0.77307692 | K3: 0.8736 | L3: 1 | M3: 0.84903846 | N3: 0.92451923 | O3: 0.34639316 | P3: 0.81818182 | Q3: 0.78787879 | R3: 0.81818182
B4: Deepseek R1 | C4: 495 | D4: 2.75 | E4: 660.84 | F4: 695.4075 | G4: 670.3425 | H4: 0.04 | I4: 0.7 | J4: 0.77 | K4: 0.9175 | L4: 1 | M4: 0.9375 | N4: 0.96875 | O4: 0.37784722 | P4: 0.18181818 | Q4: 0.12121212 | R4: 0.18181818
B5: GPT OSS | C5: 8120.08 | D5: 2.84 | E5: 281.552 | F5: 307.9592 | G5: 285.0212 | H5: 0.046 | I5: 0.7348 | J5: 0.7712 | K5: 0.91086957 | L5: 1 | M5: 0.77952381 | N5: 0.8897619 | O5: 0.30717937 | P5: 0.93939394 | Q5: 0.75757576 | R5: 0.93939394
B6: Granite 3.3 | C6: 18 | D6: 2 | E6: 15.22 | F6: 23.09 | G6: 16.345 | H6: 0.02 | I6: 0.665 | J6: 0.785 | K6: 0.92 | L6: 1 | M6: 0.33333333 | N6: 0.66666667 | O6: 0.29888889 | P6: 0.42424242 | Q6: 0.060606061 | R6: 0.42424242
B7: Granite 4 | C7: 0 | D7: 0 | E7: 0 | F7: 0 | G7: 0 | H7: 0 | I7: 0 | J7: 0 | K7: 0 | L7: 0 | M7: 0 | N7: 0 | O7: 0 | P7: 0.12121212 | Q7: 0 | R7: 0.12121212
B8: Llama 3.2 | C8: 186 | D8: 0 | E8: 13.67 | F8: 21.35 | G8: 16.17 | H8: 0.08 | I8: 0.6 | J8: 0.7 | K8: 0 | L8: 1 | M8: 1 | N8: 1 | O8: 0.5 | P8: 0.15151515 | Q8: 0.03030303 | R8: 0.15151515
B9: Mistral Small 3.2 | C9: 6298.75 | D9: 3 | E9: 10531.74 | F9: 10965.487 | G9: 10598.792 | H9: 0.0725 | I9: 0.71 | J9: 0.755 | K9: 0.955 | L9: 1 | M9: 0.75 | N9: 0.875 | O9: 0.19 | P9: 0.57575758 | Q9: 0.12121212 | R9: 0.57575758
B10: Phi4 mini | C10: 0 | D10: 0 | E10: 0 | F10: 0 | G10: 0 | H10: 0 | I10: 0 | J10: 0 | K10: 0 | L10: 0 | M10: 0 | N10: 0 | O10: 0 | P10: 0.03030303 | Q10: 0 | R10: 0.03030303
B11: Phi4 reasoning | C11: 0 | D11: 0 | E11: 0 | F11: 0 | G11: 0 | H11: 0 | I11: 0 | J11: 0 | K11: 0 | L11: 0 | M11: 0 | N11: 0 | O11: 0 | P11: 0.03030303 | Q11: 0 | R11: 0.03030303
B12: Phi4 | C12: 0 | D12: 0 | E12: 0 | F12: 0 | G12: 0 | H12: 0 | I12: 0 | J12: 0 | K12: 0 | L12: 0 | M12: 0 | N12: 0 | O12: 0 | P12: 0 | Q12: 0 | R12: 0
B13: Gemma3 | C13: 0 | D13: 0 | E13: 0 | F13: 0 | G13: 0 | H13: 0 | I13: 0 | J13: 0 | K13: 0 | L13: 0 | M13: 0 | N13: 0 | O13: 0 | P13: 0 | Q13: 0 | R13: 0
A14: Small | B14: Claude | C14: 5285.8462 | D14: 2.6538462 | E14: 1327.7115 | F14: 1353.4304 | G14: 1333.1004 | H14: 0.047307692 | I14: 0.69807692 | J14: 0.75615385 | K14: 0.74730769 | L14: 1 | M14: 0.93543956 | N14: 0.96771978 | O14: 0.55804182 | P14: 0.93939394 | Q14: 0.78787879 | R14: 0.93939394
B15: GPT5 | C15: 3670.8621 | D15: 4.2413793 | E15: 1728.9228 | F15: 1916.6383 | G15: 1784.201 | H15: 0.03862069 | I15: 0.70724138 | J15: 0.7562069 | K15: 0.74413793 | L15: 1 | M15: 0.90418719 | N15: 0.9520936 | O15: 0.55795384 | P15: 0.87878788 | Q15: 0.87878788 | R15: 0.87878788
B16: Deepseek R1 | C16: 1888.3333 | D16: 2.3333333 | E16: 72.951667 | F16: 76.72 | G16: 73.31 | H16: 0.056666667 | I16: 0.71333333 | J16: 0.76166667 | K16: 0.69833333 | L16: 1 | M16: 1 | N16: 1 | O16: 0.65157407 | P16: 0.42424242 | Q16: 0.18181818 | R16: 0.42424242
B17: GPT OSS | C17: 1569.75 | D17: 2.5 | E17: 336.82542 | F17: 343.20167 | G17: 336.43042 | H17: 0.065833333 | I17: 0.71708333 | J17: 0.77875 | K17: 0.74227273 | L17: 1 | M17: 0.82638889 | N17: 0.91319444 | O17: 0.57652778 | P17: 0.93939394 | Q17: 0.72727273 | R17: 0.93939394
B18: Granite 3.3 | C18: 0 | D18: 0 | E18: 0 | F18: 0 | G18: 0 | H18: 0 | I18: 0 | J18: 0 | K18: 0 | L18: 0 | M18: 0 | N18: 0 | O18: 0 | P18: 0 | Q18: 0 | R18: 0
B19: Granite 4 | C19: 18905 | D19: 1 | E19: 264.68 | F19: 275.25 | G19: 267.89 | H19: 0 | I19: 0.61 | J19: 0.65 | K19: 1 | L19: 1 | M19: 0 | N19: 0.5 | O19: 0.33333333 | P19: 0.21212121 | Q19: 0.03030303 | R19: 0.21212121
B20: Llama 3.2 | C20: 250609.67 | D20: 0.16666667 | E20: 6301.0217 | F20: 6549.51 | G20: 6354.775 | H20: 0.0066666667 | I20: 0.59166667 | J20: 0.68 | K20: 0.53 | L20: 1 | M20: 1 | N20: 1 | O20: 0.55388889 | P20: 0.24242424 | Q20: 0.18181818 | R20: 0.24242424
B21: Mistral Small 3.2 | C21: 1067.5 | D21: 0.75 | E21: 62.4475 | F21: 67.3125 | G21: 61.635 | H21: 0 | I21: 0.63 | J21: 0.7025 | K21: 0.595 | L21: 1 | M21: 1 | N21: 1 | O21: 0.62916667 | P21: 0.48484848 | Q21: 0.12121212 | R21: 0.48484848
B22: Phi4 mini | C22: 5.5 | D22: 1 | E22: 17.465 | F22: 17.715 | G22: 15.975 | H22: 0 | I22: 0.685 | J22: 0.72 | K22: 0.665 | L22: 1 | M22: 1 | N22: 1 | O22: 0.445 | P22: 0.15151515 | Q22: 0.060606061 | R22: 0.15151515
B23: Phi4 reasoning | C23: 0 | D23: 0 | E23: 0 | F23: 0 | G23: 0 | H23: 0 | I23: 0 | J23: 0 | K23: 0 | L23: 0 | M23: 0 | N23: 0 | O23: 0 | P23: 0 | Q23: 0 | R23: 0
B24: Phi4 | C24: 0 | D24: 0 | E24: 0 | F24: 0 | G24: 0 | H24: 0 | I24: 0 | J24: 0 | K24: 0 | L24: 0 | M24: 0 | N24: 0 | O24: 0 | P24: 0 | Q24: 0 | R24: 0
B25: Gemma3 | C25: 0 | D25: 0 | E25: 0 | F25: 0 | G25: 0 | H25: 0 | I25: 0 | J25: 0 | K25: 0 | L25: 0 | M25: 0 | N25: 0 | O25: 0 | P25: 0 | Q25: 0 | R25: 0

Sheet H2-AM&C
A1: KG | B1: Model | C1: Complexity | D1: rows | E1: vars | F1: latency_p50_ms | G1: latency_p95_ms | H1: latency_mean_ms | I1: lexical_query_overlap | J1: semantic_similarity_to_CQ | K1: semantic_soft_coverage_to_CQ | L1: tuple_cohesion | M1: determinism_score | N1: satisfiability_binding_score | O1: h1_overall | P1: semantic_diversity_score | Q1: syntax_ok_rate | R1: satisfiable_rate | S1: deterministic_rate
A2: Big | B2: Claude | C2: Simple | D2: 10956.364 | E2: 2.1818182 | F2: 3876.9082 | G2: 4024.6173 | H2: 3776.4345 | I2: 0.032727273 | J2: 0.70909091 | K2: 0.76727273 | L2: 0.88818182 | M2: 1 | N2: 1 | O2: 1 | P2: 0.29128788 | Q2: 1 | R2: 0.91666667 | S2: 1
C3: Moderate | D3: 21981 | E3: 2.25 | F3: 1343.0238 | G3: 1600.7088 | H3: 1419.0475 | I3: 0.07875 | J3: 0.69375 | K3: 0.77375 | L3: 0.865 | M3: 1 | N3: 0.96875 | O3: 0.984375 | P3: 0.43135417 | Q3: 0.90909091 | R3: 0.72727273 | S3: 0.90909091
C4: Complex | D4: 852.14286 | E4: 3.8571429 | F4: 345.81 | G4: 364.96 | H4: 349.62 | I4: 0.024285714 | J4: 0.72285714 | K4: 0.77142857 | L4: 0.92 | M4: 1 | N4: 0.79591837 | O4: 0.89795918 | P4: 0.35885488 | Q4: 0.8 | R4: 0.7 | S4: 0.8
B5: GPT5 | C5: Simple | D5: 200.8 | E5: 3.6 | F5: 86.626 | G5: 162.786 | H5: 109.748 | I5: 0.024 | J5: 0.707 | K5: 0.766 | L5: 0.909 | M5: 1 | N5: 0.91 | O5: 0.955 | P5: 0.22624444 | Q5: 0.83333333 | R5: 0.83333333 | S5: 0.83333333
C6: Moderate | D6: 6127.25 | E6: 3.875 | F6: 792.4725 | G6: 885.88625 | H6: 820.025 | I6: 0.0575 | J6: 0.7225 | K6: 0.775 | L6: 0.845 | M6: 1 | N6: 0.875 | O6: 0.9375 | P6: 0.46309028 | Q6: 0.81818182 | R6: 0.72727273 | S6: 0.81818182
C7: Complex | D7: 5417 | E7: 5.5 | F7: 2029.1238 | G7: 2142.8812 | H7: 2004.775 | I7: 0.04375 | J7: 0.71 | K7: 0.78 | L7: 0.85571429 | M7: 1 | N7: 0.746875 | O7: 0.8734375 | P7: 0.37988194 | Q7: 0.8 | R7: 0.8 | S7: 0.8
B8: Deepseek R1 | C8: Simple | D8: 179 | E8: 2 | F8: 1100.055 | G8: 1103.72 | H8: 1099.46 | I8: 0.08 | J8: 0.67 | K8: 0.785 | L8: 0.85 | M8: 1 | N8: 1 | O8: 1 | P8: 0.35583333 | Q8: 0.25 | R8: 0.16666667 | S8: 0.25
C9: Moderate | D9: 0 | E9: 0 | F9: 0 | G9: 0 | H9: 0 | I9: 0 | J9: 0 | K9: 0 | L9: 0 | M9: 0 | N9: 0 | O9: 0 | P9: 0 | Q9: 0 | R9: 0 | S9: 0
C10: Complex | D10: 811 | E10: 3.5 | F10: 221.625 | G10: 287.095 | H10: 241.225 | I10: 0 | J10: 0.73 | K10: 0.755 | L10: 0.985 | M10: 1 | N10: 0.875 | O10: 0.9375 | P10: 0.39986111 | Q10: 0.3 | R10: 0.2 | S10: 0.3
B11: GPT OSS | C11: Simple | D11: 759.85714 | E11: 1.8571429 | F11: 39.57 | G11: 41.504286 | H11: 39.744286 | I11: 0.022857143 | J11: 0.73714286 | K11: 0.77 | L11: 0.90142857 | M11: 1 | N11: 1 | O11: 1 | P11: 0.2552381 | Q11: 0.91666667 | R11: 0.58333333 | S11: 0.91666667
C12: Moderate | D12: 13126 | E12: 2.6666667 | F12: 348.39111 | G12: 404.83333 | H12: 364.63889 | I12: 0.071111111 | J12: 0.74222222 | K12: 0.77333333 | L12: 0.90777778 | M12: 1 | N12: 0.84259259 | O12: 0.9212963 | P12: 0.36435185 | Q12: 0.90909091 | R12: 0.81818182 | S12: 0.90909091
C13: Complex | D13: 8838.7778 | E13: 3.7777778 | F13: 402.92111 | G13: 418.32778 | H13: 396.17444 | I13: 0.038888889 | J13: 0.72555556 | K13: 0.77 | L13: 0.92428571 | M13: 1 | N13: 0.54497354 | O13: 0.77248677 | P13: 0.29040564 | Q13: 1 | R13: 0.9 | S13: 1
B14: Granite 3.3 | C14: Simple | D14: 1 | E14: 1 | F14: 9.31 | G14: 17.48 | H14: 11.88 | I14: 0 | J14: 0.68 | K14: 0.75 | L14: 1 | M14: 1 | N14: 0 | O14: 0.5 | P14: 0.33333333 | Q14: 0.41666667 | R14: 0.083333333 | S14: 0.41666667
C15: Moderate | D15: 0 | E15: 0 | F15: 0 | G15: 0 | H15: 0 | I15: 0 | J15: 0 | K15: 0 | L15: 0 | M15: 0 | N15: 0 | O15: 0 | P15: 0 | Q15: 0.45454545 | R15: 0 | S15: 0.45454545
C16: Complex | D16: 35 | E16: 3 | F16: 21.13 | G16: 28.7 | H16: 20.81 | I16: 0.04 | J16: 0.65 | K16: 0.82 | L16: 0.84 | M16: 1 | N16: 0.66666667 | O16: 0.83333333 | P16: 0.26444444 | Q16: 0.4 | R16: 0.1 | S16: 0.4
B17: Granite 4 | C17: Simple | D17: 0 | E17: 0 | F17: 0 | G17: 0 | H17: 0 | I17: 0 | J17: 0 | K17: 0 | L17: 0 | M17: 0 | N17: 0 | O17: 0 | P17: 0 | Q17: 0.16666667 | R17: 0 | S17: 0.16666667
C18: Moderate | D18: 0 | E18: 0 | F18: 0 | G18: 0 | H18: 0 | I18: 0 | J18: 0 | K18: 0 | L18: 0 | M18: 0 | N18: 0 | O18: 0 | P18: 0 | Q18: 0.090909091 | R18: 0 | S18: 0.090909091
C19: Complex | D19: 0 | E19: 0 | F19: 0 | G19: 0 | H19: 0 | I19: 0 | J19: 0 | K19: 0 | L19: 0 | M19: 0 | N19: 0 | O19: 0 | P19: 0 | Q19: 0.1 | R19: 0 | S19: 0.1
B20: Llama 3.2 | C20: Simple | D20: 186 | E20: 0 | F20: 13.67 | G20: 21.35 | H20: 16.17 | I20: 0.08 | J20: 0.6 | K20: 0.7 | L20: 0 | M20: 1 | N20: 1 | O20: 1 | P20: 0.5 | Q20: 0.33333333 | R20: 0.083333333 | S20: 0.33333333
C21: Moderate | D21: 0 | E21: 0 | F21: 0 | G21: 0 | H21: 0 | I21: 0 | J21: 0 | K21: 0 | L21: 0 | M21: 0 | N21: 0 | O21: 0 | P21: 0 | Q21: 0 | R21: 0 | S21: 0
C22: Complex | D22: 0 | E22: 0 | F22: 0 | G22: 0 | H22: 0 | I22: 0 | J22: 0 | K22: 0 | L22: 0 | M22: 0 | N22: 0 | O22: 0 | P22: 0 | Q22: 0.1 | R22: 0 | S22: 0.1
B23: Mistral Small 3.2 | C23: Simple | D23: 6298.75 | E23: 3 | F23: 10531.74 | G23: 10965.487 | H23: 10598.792 | I23: 0.0725 | J23: 0.71 | K23: 0.755 | L23: 0.955 | M23: 1 | N23: 0.75 | O23: 0.875 | P23: 0.19 | Q23: 0.58333333 | R23: 0.33333333 | S23: 0.58333333
C24: Moderate | D24: 0 | E24: 0 | F24: 0 | G24: 0 | H24: 0 | I24: 0 | J24: 0 | K24: 0 | L24: 0 | M24: 0 | N24: 0 | O24: 0 | P24: 0 | Q24: 0.54545455 | R24: 0 | S24: 0.54545455
C25: Complex | D25: 0 | E25: 0 | F25: 0 | G25: 0 | H25: 0 | I25: 0 | J25: 0 | K25: 0 | L25: 0 | M25: 0 | N25: 0 | O25: 0 | P25: 0 | Q25: 0.6 | R25: 0 | S25: 0.6
B26: Phi4 mini | C26: Simple | D26: 0 | E26: 0 | F26: 0 | G26: 0 | H26: 0 | I26: 0 | J26: 0 | K26: 0 | L26: 0 | M26: 0 | N26: 0 | O26: 0 | P26: 0 | Q26: 0 | R26: 0 | S26: 0
C27: Moderate | D27: 0 | E27: 0 | F27: 0 | G27: 0 | H27: 0 | I27: 0 | J27: 0 | K27: 0 | L27: 0 | M27: 0 | N27: 0 | O27: 0 | P27: 0 | Q27: 0.090909091 | R27: 0 | S27: 0.090909091
C28: Complex | D28: 0 | E28: 0 | F28: 0 | G28: 0 | H28: 0 | I28: 0 | J28: 0 | K28: 0 | L28: 0 | M28: 0 | N28: 0 | O28: 0 | P28: 0 | Q28: 0 | R28: 0 | S28: 0
B29: Phi4 reasoning | C29: Simple | D29: 0 | E29: 0 | F29: 0 | G29: 0 | H29: 0 | I29: 0 | J29: 0 | K29: 0 | L29: 0 | M29: 0 | N29: 0 | O29: 0 | P29: 0 | Q29: 0.083333333 | R29: 0 | S29: 0.083333333
C30: Moderate | D30: 0 | E30: 0 | F30: 0 | G30: 0 | H30: 0 | I30: 0 | J30: 0 | K30: 0 | L30: 0 | M30: 0 | N30: 0 | O30: 0 | P30: 0 | Q30: 0 | R30: 0 | S30: 0
C31: Complex | D31: 0 | E31: 0 | F31: 0 | G31: 0 | H31: 0 | I31: 0 | J31: 0 | K31: 0 | L31: 0 | M31: 0 | N31: 0 | O31: 0 | P31: 0 | Q31: 0 | R31: 0 | S31: 0
B32: Phi4 | C32: Simple | D32: 0 | E32: 0 | F32: 0 | G32: 0 | H32: 0 | I32: 0 | J32: 0 | K32: 0 | L32: 0 | M32: 0 | N32: 0 | O32: 0 | P32: 0 | Q32: 0 | R32: 0 | S32: 0
C33: Moderate | D33: 0 | E33: 0 | F33: 0 | G33: 0 | H33: 0 | I33: 0 | J33: 0 | K33: 0 | L33: 0 | M33: 0 | N33: 0 | O33: 0 | P33: 0 | Q33: 0 | R33: 0 | S33: 0
C34: Complex | D34: 0 | E34: 0 | F34: 0 | G34: 0 | H34: 0 | I34: 0 | J34: 0 | K34: 0 | L34: 0 | M34: 0 | N34: 0 | O34: 0 | P34: 0 | Q34: 0 | R34: 0 | S34: 0
B35: Gemma3 | C35: Simple | D35: 0 | E35: 0 | F35: 0 | G35: 0 | H35: 0 | I35: 0 | J35: 0 | K35: 0 | L35: 0 | M35: 0 | N35: 0 | O35: 0 | P35: 0 | Q35: 0 | R35: 0 | S35: 0
C36: Moderate | D36: 0 | E36: 0 | F36: 0 | G36: 0 | H36: 0 | I36: 0 | J36: 0 | K36: 0 | L36: 0 | M36: 0 | N36: 0 | O36: 0 | P36: 0 | Q36: 0 | R36: 0 | S36: 0
C37: Complex | D37: 0 | E37: 0 | F37: 0 | G37: 0 | H37: 0 | I37: 0 | J37: 0 | K37: 0 | L37: 0 | M37: 0 | N37: 0 | O37: 0 | P37: 0 | Q37: 0 | R37: 0 | S37: 0
A38: Small | B38: Claude | C38: Simple | D38: 1295.1818 | E38: 2.3636364 | F38: 64.166364 | G38: 66.057273 | H38: 63.701818 | I38: 0.030909091 | J38: 0.70272727 | K38: 0.74818182 | L38: 0.69909091 | M38: 1 | N38: 1 | O38: 1 | P38: 0.65060606 | Q38: 1 | R38: 0.91666667 | S38: 1
C39: Moderate | D39: 9907.25 | E39: 2.375 | F39: 1348.3363 | G39: 1357.9613 | H39: 1346.3275 | I39: 0.07875 | J39: 0.70875 | K39: 0.75625 | L39: 0.7425 | M39: 1 | N39: 0.96875 | O39: 0.984375 | P39: 0.49600694 | Q39: 0.90909091 | R39: 0.72727273 | S39: 0.90909091
C40: Complex | D40: 6275.2857 | E40: 3.4285714 | F40: 3289.7114 | G40: 3371.2671 | H40: 3312.7529 | I40: 0.037142857 | J40: 0.67857143 | K40: 0.76857143 | L40: 0.82857143 | M40: 1 | N40: 0.79591837 | O40: 0.89795918 | P40: 0.48348073 | Q40: 0.9 | R40: 0.7 | S40: 0.9
B41: GPT5 | C41: Simple | D41: 2692.25 | E41: 3.75 | F41: 240.47667 | G41: 269.2525 | H41: 245.295 | I41: 0.0325 | J41: 0.71583333 | K41: 0.75166667 | L41: 0.705 | M41: 1 | N41: 0.96666667 | O41: 0.98333333 | P41: 0.60862963 | Q41: 1 | R41: 1 | S41: 1
C42: Moderate | D42: 3823.2222 | E42: 3.6666667 | F42: 4427.7767 | G42: 4955.4878 | H42: 4589.03 | I42: 0.053333333 | J42: 0.70666667 | K42: 0.75666667 | L42: 0.76 | M42: 1 | N42: 0.92777778 | O42: 0.96388889 | P42: 0.55727778 | Q42: 0.81818182 | R42: 0.81818182 | S42: 0.81818182
C43: Complex | D43: 4967.375 | E43: 5.625 | F43: 925.38125 | G43: 969.01125 | H43: 937.1275 | I43: 0.03125 | J43: 0.695 | K43: 0.7625 | L43: 0.785 | M43: 1 | N43: 0.78392857 | O43: 0.89196429 | P43: 0.48270073 | Q43: 0.8 | R43: 0.8 | S43: 0.8
B44: Deepseek R1 | C44: Simple | D44: 1483.3333 | E44: 3 | F44: 73.56 | G44: 77.683333 | H44: 73.673333 | I44: 0.05 | J44: 0.74333333 | K44: 0.78333333 | L44: 0.72 | M44: 1 | N44: 1 | O44: 1 | P44: 0.66148148 | Q44: 0.5 | R44: 0.25 | S44: 0.5
C45: Moderate | D45: 3140 | E45: 1.5 | F45: 88.855 | G45: 92.46 | H45: 89.385 | I45: 0.075 | J45: 0.67 | K45: 0.73 | L45: 0.62 | M45: 1 | N45: 1 | O45: 1 | P45: 0.73166667 | Q45: 0.45454545 | R45: 0.18181818 | S45: 0.45454545
C46: Complex | D46: 600 | E46: 2 | F46: 39.32 | G46: 42.35 | H46: 40.07 | I46: 0.04 | J46: 0.71 | K46: 0.76 | L46: 0.79 | M46: 1 | N46: 1 | O46: 1 | P46: 0.46166667 | Q46: 0.3 | R46: 0.1 | S46: 0.3
B47: GPT OSS | C47: Simple | D47: 1410.75 | E47: 2.5 | F47: 145.5225 | G47: 154.09083 | H47: 147.12417 | I47: 0.039166667 | J47: 0.72333333 | K47: 0.77333333 | L47: 0.69166667 | M47: 1 | N47: 0.93055556 | O47: 0.96527778 | P47: 0.6600463 | Q47: 1 | R47: 1 | S47: 1
C48: Moderate | D48: 2199.8571 | E48: 2.1428571 | F48: 91.238571 | G48: 94.931429 | H48: 89.76 | I48: 0.10142857 | J48: 0.70714286 | K48: 0.78571429 | L48: 0.76 | M48: 1 | N48: 0.95238095 | O48: 0.97619048 | P48: 0.52468254 | Q48: 1 | R48: 0.63636364 | S48: 1
C49: Complex | D49: 1069.2 | E49: 3 | F49: 1139.774 | G49: 1144.646 | H49: 1136.104 | I49: 0.08 | J49: 0.716 | K49: 0.782 | L49: 0.90333333 | M49: 1 | N49: 0.4 | O49: 0.7 | P49: 0.44866667 | Q49: 0.8 | R49: 0.5 | S49: 0.8
B50: Granite 3.3 | C50: Simple | D50: 0 | E50: 0 | F50: 0 | G50: 0 | H50: 0 | I50: 0 | J50: 0 | K50: 0 | L50: 0 | M50: 0 | N50: 0 | O50: 0 | P50: 0 | Q50: 0 | R50: 0 | S50: 0
C51: Moderate | D51: 0 | E51: 0 | F51: 0 | G51: 0 | H51: 0 | I51: 0 | J51: 0 | K51: 0 | L51: 0 | M51: 0 | N51: 0 | O51: 0 | P51: 0 | Q51: 0 | R51: 0 | S51: 0
C52: Complex | D52: 0 | E52: 0 | F52: 0 | G52: 0 | H52: 0 | I52: 0 | J52: 0 | K52: 0 | L52: 0 | M52: 0 | N52: 0 | O52: 0 | P52: 0 | Q52: 0 | R52: 0 | S52: 0
B53: Granite 4 | C53: Simple | D53: 0 | E53: 0 | F53: 0 | G53: 0 | H53: 0 | I53: 0 | J53: 0 | K53: 0 | L53: 0 | M53: 0 | N53: 0 | O53: 0 | P53: 0 | Q53: 0.16666667 | R53: 0 | S53: 0.16666667
C54: Moderate | D54: 18905 | E54: 1 | F54: 264.68 | G54: 275.25 | H54: 267.89 | I54: 0 | J54: 0.61 | K54: 0.65 | L54: 1 | M54: 1 | N54: 0 | O54: 0.5 | P54: 0.33333333 | Q54: 0.45454545 | R54: 0.090909091 | S54: 0.45454545
C55: Complex | D55: 0 | E55: 0 | F55: 0 | G55: 0 | H55: 0 | I55: 0 | J55: 0 | K55: 0 | L55: 0 | M55: 0 | N55: 0 | O55: 0 | P55: 0 | Q55: 0 | R55: 0 | S55: 0
B56: Llama 3.2 | C56: Simple | D56: 92811 | E56: 0 | F56: 3425.1433 | G56: 3532.81 | H56: 3414.0533 | I56: 0.013333333 | J56: 0.60666667 | K56: 0.68 | L56: 0 | M56: 1 | N56: 1 | O56: 1 | P56: 0.5 | Q56: 0.25 | R56: 0.25 | S56: 0.25
C57: Moderate | D57: 612585 | E57: 0.5 | F57: 13757.425 | G57: 14339.685 | H57: 13935.8 | I57: 0 | J57: 0.565 | K57: 0.685 | L57: 0.53 | M57: 1 | N57: 1 | O57: 1 | P57: 0.66166667 | Q57: 0.36363636 | R57: 0.18181818 | S57: 0.36363636
C58: Complex | D58: 55 | E58: 0 | F58: 15.85 | G58: 19.26 | H58: 14.89 | I58: 0 | J58: 0.6 | K58: 0.67 | L58: 0 | M58: 1 | N58: 1 | O58: 1 | P58: 0.5 | Q58: 0.1 | R58: 0.1 | S58: 0.1
B59: Mistral Small 3.2 | C59: Simple | D59: 1090 | E59: 0.33333333 | F59: 37.516667 | G59: 39.12 | H59: 36.8 | I59: 0 | J59: 0.63 | K59: 0.70333333 | L59: 0.64 | M59: 1 | N59: 1 | O59: 1 | P59: 0.57333333 | Q59: 0.75 | R59: 0.25 | S59: 0.75
C60: Moderate | D60: 0 | E60: 0 | F60: 0 | G60: 0 | H60: 0 | I60: 0 | J60: 0 | K60: 0 | L60: 0 | M60: 0 | N60: 0 | O60: 0 | P60: 0 | Q60: 0.36363636 | R60: 0 | S60: 0.36363636
C61: Complex | D61: 1000 | E61: 2 | F61: 137.24 | G61: 151.89 | H61: 136.14 | I61: 0 | J61: 0.63 | K61: 0.7 | L61: 0.55 | M61: 1 | N61: 1 | O61: 1 | P61: 0.79666667 | Q61: 0.3 | R61: 0.1 | S61: 0.3
B62: Phi4 mini | C62: Simple | D62: 5.5 | E62: 1 | F62: 17.465 | G62: 17.715 | H62: 15.975 | I62: 0 | J62: 0.685 | K62: 0.72 | L62: 0.665 | M62: 1 | N62: 1 | O62: 1 | P62: 0.445 | Q62: 0.33333333 | R62: 0.16666667 | S62: 0.33333333
C63: Moderate | D63: 0 | E63: 0 | F63: 0 | G63: 0 | H63: 0 | I63: 0 | J63: 0 | K63: 0 | L63: 0 | M63: 0 | N63: 0 | O63: 0 | P63: 0 | Q63: 0.090909091 | R63: 0 | S63: 0.090909091
C64: Complex | D64: 0 | E64: 0 | F64: 0 | G64: 0 | H64: 0 | I64: 0 | J64: 0 | K64: 0 | L64: 0 | M64: 0 | N64: 0 | O64: 0 | P64: 0 | Q64: 0 | R64: 0 | S64: 0
B65: Phi4 reasining | C65: Simple | D65: 0 | E65: 0 | F65: 0 | G65: 0 | H65: 0 | I65: 0 | J65: 0 | K65: 0 | L65: 0 | M65: 0 | N65: 0 | O65: 0 | P65: 0 | Q65: 0 | R65: 0 | S65: 0
C66: Moderate | D66: 0 | E66: 0 | F66: 0 | G66: 0 | H66: 0 | I66: 0 | J66: 0 | K66: 0 | L66: 0 | M66: 0 | N66: 0 | O66: 0 | P66: 0 | Q66: 0 | R66: 0 | S66: 0
C67: Complex | D67: 0 | E67: 0 | F67: 0 | G67: 0 | H67: 0 | I67: 0 | J67: 0 | K67: 0 | L67: 0 | M67: 0 | N67: 0 | O67: 0 | P67: 0 | Q67: 0 | R67: 0 | S67: 0
B68: Phi4 | C68: Simple | D68: 0 | E68: 0 | F68: 0 | G68: 0 | H68: 0 | I68: 0 | J68: 0 | K68: 0 | L68: 0 | M68: 0 | N68: 0 | O68: 0 | P68: 0 | Q68: 0 | R68: 0 | S68: 0
C69: Moderate | D69: 0 | E69: 0 | F69: 0 | G69: 0 | H69: 0 | I69: 0 | J69: 0 | K69: 0 | L69: 0 | M69: 0 | N69: 0 | O69: 0 | P69: 0 | Q69: 0 | R69: 0 | S69: 0
C70: Complex | D70: 0 | E70: 0 | F70: 0 | G70: 0 | H70: 0 | I70: 0 | J70: 0 | K70: 0 | L70: 0 | M70: 0 | N70: 0 | O70: 0 | P70: 0 | Q70: 0 | R70: 0 | S70: 0
B71: Gemma3 | C71: Simple | D71: 0 | E71: 0 | F71: 0 | G71: 0 | H71: 0 | I71: 0 | J71: 0 | K71: 0 | L71: 0 | M71: 0 | N71: 0 | O71: 0 | P71: 0 | Q71: 0 | R71: 0 | S71: 0
C72: Moderate | D72: 0 | E72: 0 | F72: 0 | G72: 0 | H72: 0 | I72: 0 | J72: 0 | K72: 0 | L72: 0 | M72: 0 | N72: 0 | O72: 0 | P72: 0 | Q72: 0 | R72: 0 | S72: 0
C73: Complex | D73: 0 | E73: 0 | F73: 0 | G73: 0 | H73: 0 | I73: 0 | J73: 0 | K73: 0 | L73: 0 | M73: 0 | N73: 0 | O73: 0 | P73: 0 | Q73: 0 | R73: 0 | S73: 0
